asin,title,price,shipped_from,sold_by
B07MXPNH7S,     New    ,55.00,DSR Auto Supply, DSR Auto Supply
B07MXPNH7S,     New    ,57.11, Amazon.com, G.P.S.
B07MXPNH7S,     New    ,46.62,TurboPiston Supplies, TurboPiston Supplies
B07MXPNH7S,     New    ,59.00,JBGM, JBGM
B07MXPNH7S,     New    ,62.99,Amazon.com,
B07MXPNH7S,     New    ,65.00,ZIC Sales, ZIC Sales
B07MXPNH7S,     New    ,55.71,Speedway Motors, Speedway Motors
B07MXPNH7S,     New    ,70.99,1185 Corp, 1185 Corp
B07MXPNH7S,     New    ,72.99,Easy-2-Shop, Easy-2-Shop
B07MXPNH7S,     New    ,81.25,Max n Company LLC, Max n Company LLC
